antecedents,consequents,antecedent support,consequent support,support,confidence,lift,leverage,conviction,zhangs_metric,connection,Line_X,Line_Y,dummy
Apples,Bread,0.16339869281045752,0.1503267973856209,0.0457516339869281,0.27999999999999997,1.862608695652174,0.021188431799735143,1.1801016702977487,0.5535714285714285,T-19,8,26,1
Bread,Apples,0.1503267973856209,0.16339869281045752,0.0457516339869281,0.30434782608695654,1.862608695652174,0.021188431799735143,1.2026143790849675,0.5450549450549451,T-19,9,86,1
Cheese,Apples,0.1830065359477124,0.16339869281045752,0.0392156862745098,0.2142857142857143,1.3114285714285716,0.009312657524883593,1.0647653000594177,0.29066666666666674,T-55,10,151,1
Apples,Cheese,0.16339869281045752,0.1830065359477124,0.0392156862745098,0.24,1.3114285714285714,0.009312657524883593,1.0749914000687995,0.28385416666666674,T-55,8,26,1
Apples,Chicken,0.16339869281045752,0.13071895424836602,0.032679738562091505,0.2,1.53,0.011320432312358495,1.0866013071895424,0.4140625,T-150,8,26,1
Chicken,Apples,0.13071895424836602,0.16339869281045752,0.032679738562091505,0.25,1.53,0.011320432312358495,1.1154684095860568,0.39849624060150374,T-150,13,166,1
Milk,Apples,0.1568627450980392,0.16339869281045752,0.0457516339869281,0.29166666666666663,1.7849999999999997,0.02012046648724849,1.1810841983852365,0.521594684385382,T-173,14,229,1
Apples,Milk,0.16339869281045752,0.1568627450980392,0.0457516339869281,0.27999999999999997,1.785,0.02012046648724849,1.1710239651416123,0.5256696428571428,T-173,8,26,1
Onions,Apples,0.1503267973856209,0.16339869281045752,0.026143790849673203,0.1739130434782609,1.0643478260869565,0.001580588662480245,1.0127278981768146,0.07115384615384626,T-134,16,240,1
Apples,Onions,0.16339869281045752,0.1503267973856209,0.026143790849673203,0.16,1.0643478260869565,0.001580588662480245,1.0115157173980704,0.0722656250000001,T-134,8,26,1
Pasta,Apples,0.1503267973856209,0.16339869281045752,0.0392156862745098,0.2608695652173913,1.5965217391304347,0.014652484087316845,1.1318723567858517,0.4397435897435898,T-38,18,253,1
Apples,Pasta,0.16339869281045752,0.1503267973856209,0.0392156862745098,0.24,1.5965217391304347,0.014652484087316845,1.1179910560715514,0.44661458333333337,T-38,8,26,1
Apples,Potatoes,0.16339869281045752,0.17647058823529413,0.0457516339869281,0.27999999999999997,1.5866666666666664,0.016916570549788536,1.1437908496732025,0.44196428571428553,T-112,8,26,1
Potatoes,Apples,0.17647058823529413,0.16339869281045752,0.0457516339869281,0.25925925925925924,1.5866666666666664,0.016916570549788536,1.1294117647058826,0.4489795918367346,T-112,21,262,1
Apples,Sugar,0.16339869281045752,0.16993464052287582,0.058823529411764705,0.36,2.1184615384615384,0.03105643128711179,1.2969771241830064,0.6310763888888888,T-169,8,26,1
Sugar,Apples,0.16993464052287582,0.16339869281045752,0.058823529411764705,0.34615384615384615,2.1184615384615384,0.03105643128711179,1.2795078815840062,0.6360454943132108,T-169,23,268,1
Apples,Tea,0.16339869281045752,0.1503267973856209,0.032679738562091505,0.2,1.3304347826086957,0.008116536374898547,1.0620915032679739,0.2968750000000001,T-84,8,26,1
Tea,Apples,0.1503267973856209,0.16339869281045752,0.032679738562091505,0.2173913043478261,1.3304347826086957,0.008116536374898547,1.0689905591866378,0.29230769230769243,T-84,25,270,1
Tomatoes,Apples,0.17647058823529413,0.16339869281045752,0.0392156862745098,0.2222222222222222,1.3599999999999999,0.010380622837370238,1.0756302521008403,0.32142857142857134,T-171,26,272,1
Apples,Tomatoes,0.16339869281045752,0.17647058823529413,0.0392156862745098,0.24,1.3599999999999999,0.010380622837370238,1.0835913312693497,0.3164062499999999,T-171,8,26,1
Yogurt,Apples,0.16993464052287582,0.16339869281045752,0.05228758169934641,0.3076923076923077,1.883076923076923,0.024520483574693493,1.2084241103848947,0.5649606299212598,T-58,28,271,1
Apples,Yogurt,0.16339869281045752,0.16993464052287582,0.05228758169934641,0.32,1.883076923076923,0.024520483574693493,1.2206843521722415,0.5605468749999999,T-58,8,26,1
Bananas,Bread,0.24183006535947713,0.1503267973856209,0.0457516339869281,0.18918918918918917,1.2585193889541715,0.00939809474988252,1.0479302832244008,0.27093596059113295,T-105,30,56,1
Bread,Bananas,0.1503267973856209,0.24183006535947713,0.0457516339869281,0.30434782608695654,1.2585193889541717,0.00939809474988252,1.0898692810457515,0.2417582417582417,T-105,9,86,1
Bananas,Butter,0.24183006535947713,0.16339869281045752,0.058823529411764705,0.24324324324324323,1.4886486486486485,0.01930881284975864,1.1055088702147526,0.43295019157088127,T-64,30,56,1
Butter,Bananas,0.16339869281045752,0.24183006535947713,0.058823529411764705,0.36,1.4886486486486485,0.01930881284975864,1.184640522875817,0.3923611111111111,T-64,33,108,1
Cereal,Bananas,0.20261437908496732,0.24183006535947713,0.058823529411764705,0.2903225806451613,1.2005231037489104,0.009825280874877183,1.0683303624480094,0.209471766848816,T-170,34,129,1
Bananas,Cereal,0.24183006535947713,0.20261437908496732,0.058823529411764705,0.24324324324324323,1.2005231037489101,0.009825280874877183,1.053688141923436,0.22030651340996169,T-170,30,56,1
Cheese,Bananas,0.1830065359477124,0.24183006535947713,0.05228758169934641,0.28571428571428575,1.1814671814671815,0.008031099149899613,1.061437908496732,0.18800000000000003,T-135,10,151,1
Bananas,Cheese,0.24183006535947713,0.1830065359477124,0.05228758169934641,0.21621621621621623,1.1814671814671815,0.008031099149899613,1.0423709713770566,0.20258620689655177,T-135,30,56,1
Bananas,Chicken,0.24183006535947713,0.13071895424836602,0.05228758169934641,0.21621621621621623,1.654054054054054,0.020675808449741553,1.1090827135451882,0.521551724137931,T-80,30,56,1
Chicken,Bananas,0.13071895424836602,0.24183006535947713,0.05228758169934641,0.39999999999999997,1.6540540540540538,0.020675808449741553,1.2636165577342044,0.4548872180451128,T-80,13,166,1
Eggs,Bananas,0.17647058823529413,0.24183006535947713,0.0457516339869281,0.25925925925925924,1.072072072072072,0.0030757400999615464,1.0235294117647058,0.08163265306122432,T-107,40,197,1
Bananas,Eggs,0.24183006535947713,0.17647058823529413,0.0457516339869281,0.18918918918918917,1.072072072072072,0.0030757400999615464,1.0156862745098039,0.08866995073891608,T-107,30,56,1
Juice,Bananas,0.1503267973856209,0.24183006535947713,0.05228758169934641,0.3478260869565218,1.438307873090482,0.015934042462300825,1.1625272331154684,0.35865384615384616,T-40,42,214,1
Bananas,Juice,0.24183006535947713,0.1503267973856209,0.05228758169934641,0.21621621621621623,1.438307873090482,0.015934042462300825,1.0840658102321388,0.40193965517241376,T-40,30,56,1
Milk,Bananas,0.1568627450980392,0.24183006535947713,0.0392156862745098,0.25,1.0337837837837838,0.0012815583749839835,1.0108932461873639,0.03875968992248071,T-62,14,229,1
Bananas,Milk,0.24183006535947713,0.1568627450980392,0.0392156862745098,0.16216216216216217,1.0337837837837838,0.0012815583749839835,1.006325110689437,0.04310344827586217,T-62,30,56,1
Onions,Bananas,0.1503267973856209,0.24183006535947713,0.0392156862745098,0.2608695652173913,1.0787309048178613,0.0028621470374642216,1.025759323337178,0.08589743589743586,T-103,16,240,1
Bananas,Onions,0.24183006535947713,0.1503267973856209,0.0392156862745098,0.16216216216216217,1.0787309048178615,0.0028621470374642216,1.0141260805397427,0.0962643678160919,T-103,30,56,1
Oranges,Bananas,0.1895424836601307,0.24183006535947713,0.05228758169934641,0.27586206896551724,1.140726933830382,0.006450510487419368,1.046996576408341,0.15221774193548385,T-89,48,246,1
Bananas,Oranges,0.24183006535947713,0.1895424836601307,0.05228758169934641,0.21621621621621623,1.1407269338303823,0.006450510487419368,1.0340320036060402,0.16271551724137928,T-89,30,56,1
Pasta,Bananas,0.1503267973856209,0.24183006535947713,0.05228758169934641,0.3478260869565218,1.438307873090482,0.015934042462300825,1.1625272331154684,0.35865384615384616,T-85,18,253,1
Bananas,Pasta,0.24183006535947713,0.1503267973856209,0.05228758169934641,0.21621621621621623,1.438307873090482,0.015934042462300825,1.0840658102321388,0.40193965517241376,T-85,30,56,1
Bananas,Potatoes,0.24183006535947713,0.17647058823529413,0.06535947712418301,0.2702702702702703,1.5315315315315314,0.022683583237216455,1.1285403050108933,0.45775862068965517,T-26,30,56,1
Potatoes,Bananas,0.17647058823529413,0.24183006535947713,0.06535947712418301,0.37037037037037035,1.5315315315315314,0.022683583237216455,1.2041522491349481,0.42142857142857143,T-26,21,262,1
Bananas,Sugar,0.24183006535947713,0.16993464052287582,0.0457516339869281,0.18918918918918917,1.1133056133056132,0.0046563287624417915,1.023747276688453,0.13423645320197033,T-59,30,56,1
Sugar,Bananas,0.16993464052287582,0.24183006535947713,0.0457516339869281,0.2692307692307692,1.1133056133056132,0.0046563287624417915,1.0374957000343996,0.12260967379077606,T-59,23,268,1
Tomatoes,Bananas,0.17647058823529413,0.24183006535947713,0.05228758169934641,0.2962962962962963,1.2252252252252251,0.009611687812379852,1.0773993808049536,0.22321428571428564,T-57,26,272,1
Bananas,Tomatoes,0.24183006535947713,0.17647058823529413,0.05228758169934641,0.21621621621621623,1.2252252252252251,0.009611687812379852,1.050709939148073,0.24245689655172406,T-57,30,56,1
Yogurt,Bananas,0.16993464052287582,0.24183006535947713,0.0457516339869281,0.2692307692307692,1.1133056133056132,0.0046563287624417915,1.0374957000343996,0.12260967379077606,T-106,28,271,1
Bananas,Yogurt,0.24183006535947713,0.16993464052287582,0.0457516339869281,0.18918918918918917,1.1133056133056132,0.0046563287624417915,1.023747276688453,0.13423645320197033,T-106,30,56,1
Butter,Bread,0.16339869281045752,0.1503267973856209,0.05228758169934641,0.32,2.128695652173913,0.02772437951215345,1.2495194156093812,0.6337890625,T-3,33,108,1
Bread,Butter,0.1503267973856209,0.16339869281045752,0.05228758169934641,0.3478260869565218,2.128695652173913,0.02772437951215345,1.282788671023965,0.6240384615384615,T-3,9,86,1
Cereal,Bread,0.20261437908496732,0.1503267973856209,0.0392156862745098,0.1935483870967742,1.2875175315568024,0.008757315562390535,1.05359477124183,0.2800546448087432,T-184,34,129,1
Bread,Cereal,0.1503267973856209,0.20261437908496732,0.0392156862745098,0.2608695652173913,1.2875175315568022,0.008757315562390535,1.0788158400615149,0.2628205128205129,T-184,9,86,1
Cheese,Bread,0.1830065359477124,0.1503267973856209,0.0392156862745098,0.2142857142857143,1.4254658385093169,0.01170489982485369,1.0814022578728462,0.3653333333333334,T-33,10,151,1
Bread,Cheese,0.1503267973856209,0.1830065359477124,0.0392156862745098,0.2608695652173913,1.4254658385093169,0.01170489982485369,1.1053440984236833,0.3512820512820513,T-33,9,86,1
Chicken,Bread,0.13071895424836602,0.1503267973856209,0.0392156862745098,0.3,1.9956521739130435,0.019565124524755437,1.2138188608776845,0.5739348370927319,T-54,13,166,1
Bread,Chicken,0.1503267973856209,0.13071895424836602,0.0392156862745098,0.2608695652173913,1.9956521739130433,0.019565124524755437,1.176086120722799,0.5871794871794872,T-54,9,86,1
Coffee,Bread,0.21568627450980393,0.1503267973856209,0.0718954248366013,0.3333333333333333,2.217391304347826,0.03947199794950659,1.2745098039215685,0.7,T-81,68,186,1
Bread,Coffee,0.1503267973856209,0.21568627450980393,0.0718954248366013,0.47826086956521735,2.2173913043478257,0.03947199794950659,1.503267973856209,0.6461538461538461,T-81,9,86,1
Juice,Bread,0.1503267973856209,0.1503267973856209,0.032679738562091505,0.2173913043478261,1.4461247637051042,0.010081592549873983,1.0856935366739289,0.3630769230769232,T-181,42,214,1
Bread,Juice,0.1503267973856209,0.1503267973856209,0.032679738562091505,0.2173913043478261,1.4461247637051042,0.010081592549873983,1.0856935366739289,0.3630769230769232,T-181,9,86,1
Milk,Bread,0.1568627450980392,0.1503267973856209,0.0392156862745098,0.25,1.6630434782608696,0.015635012174804563,1.1328976034858387,0.47286821705426363,T-160,14,229,1
Bread,Milk,0.1503267973856209,0.1568627450980392,0.0392156862745098,0.2608695652173913,1.6630434782608696,0.015635012174804563,1.140715109573241,0.4692307692307693,T-160,9,86,1
Onions,Bread,0.1503267973856209,0.1503267973856209,0.0392156862745098,0.2608695652173913,1.735349716446125,0.01661754026229228,1.1495578623606306,0.4987179487179487,T-79,16,240,1
Bread,Onions,0.1503267973856209,0.1503267973856209,0.0392156862745098,0.2608695652173913,1.735349716446125,0.01661754026229228,1.1495578623606306,0.4987179487179487,T-79,9,86,1
Oranges,Bread,0.1895424836601307,0.1503267973856209,0.058823529411764705,0.3103448275862069,2.0644677661169415,0.030330214874620873,1.2320261437908495,0.6362007168458782,T-177,48,246,1
Bread,Oranges,0.1503267973856209,0.1895424836601307,0.058823529411764705,0.391304347826087,2.0644677661169415,0.030330214874620873,1.3314659197012138,0.6068376068376069,T-177,9,86,1
Pasta,Bread,0.1503267973856209,0.1503267973856209,0.0392156862745098,0.2608695652173913,1.735349716446125,0.01661754026229228,1.1495578623606306,0.4987179487179487,T-47,18,253,1
Bread,Pasta,0.1503267973856209,0.1503267973856209,0.0392156862745098,0.2608695652173913,1.735349716446125,0.01661754026229228,1.1495578623606306,0.4987179487179487,T-47,9,86,1
Bread,Potatoes,0.1503267973856209,0.17647058823529413,0.058823529411764705,0.391304347826087,2.217391304347826,0.03229527104959631,1.352941176470588,0.6461538461538462,T-41,9,86,1
Potatoes,Bread,0.17647058823529413,0.1503267973856209,0.058823529411764705,0.3333333333333333,2.217391304347826,0.03229527104959631,1.2745098039215685,0.6666666666666666,T-41,21,262,1
Sugar,Bread,0.16993464052287582,0.1503267973856209,0.032679738562091505,0.19230769230769232,1.279264214046823,0.0071340082874108285,1.051976346093993,0.2629921259842521,T-71,23,268,1
Bread,Sugar,0.1503267973856209,0.16993464052287582,0.032679738562091505,0.2173913043478261,1.279264214046823,0.0071340082874108285,1.060639070442992,0.25692307692307703,T-71,9,86,1
Bread,Tea,0.1503267973856209,0.1503267973856209,0.032679738562091505,0.2173913043478261,1.4461247637051042,0.010081592549873983,1.0856935366739289,0.3630769230769232,T-132,9,86,1
Tea,Bread,0.1503267973856209,0.1503267973856209,0.032679738562091505,0.2173913043478261,1.4461247637051042,0.010081592549873983,1.0856935366739289,0.3630769230769232,T-132,25,270,1
Tomatoes,Bread,0.17647058823529413,0.1503267973856209,0.032679738562091505,0.18518518518518517,1.2318840579710144,0.006151480199923107,1.0427807486631016,0.2285714285714286,T-72,26,272,1
Bread,Tomatoes,0.1503267973856209,0.17647058823529413,0.032679738562091505,0.2173913043478261,1.2318840579710146,0.006151480199923107,1.0522875816993464,0.22153846153846152,T-72,9,86,1
Yogurt,Bread,0.16993464052287582,0.1503267973856209,0.0392156862745098,0.23076923076923075,1.5351170568561872,0.013669955999829127,1.1045751633986927,0.41994750656167984,T-28,28,271,1
Bread,Yogurt,0.1503267973856209,0.16993464052287582,0.0392156862745098,0.2608695652173913,1.5351170568561872,0.013669955999829127,1.1230296039984622,0.4102564102564103,T-28,9,86,1
Cereal,Butter,0.20261437908496732,0.16339869281045752,0.0457516339869281,0.22580645161290322,1.3819354838709677,0.01264470929984194,1.0806100217864925,0.34660421545667447,T-125,34,129,1
Butter,Cereal,0.16339869281045752,0.20261437908496732,0.0457516339869281,0.27999999999999997,1.3819354838709677,0.01264470929984194,1.1074800290486566,0.3303571428571428,T-125,33,108,1
Cheese,Butter,0.1830065359477124,0.16339869281045752,0.0392156862745098,0.2142857142857143,1.3114285714285716,0.009312657524883593,1.0647653000594177,0.29066666666666674,T-1,10,151,1
Butter,Cheese,0.16339869281045752,0.1830065359477124,0.0392156862745098,0.24,1.3114285714285714,0.009312657524883593,1.0749914000687995,0.28385416666666674,T-1,33,108,1
Chicken,Butter,0.13071895424836602,0.16339869281045752,0.0457516339869281,0.35,2.142,0.02439232773719509,1.2870789341377578,0.6133190118152523,T-61,13,166,1
Butter,Chicken,0.16339869281045752,0.13071895424836602,0.0457516339869281,0.27999999999999997,2.1419999999999995,0.02439232773719509,1.2073347857661585,0.6372767857142856,T-61,33,108,1
Eggs,Butter,0.17647058823529413,0.16339869281045752,0.05228758169934641,0.2962962962962963,1.8133333333333332,0.02345251826220684,1.1888544891640866,0.5446428571428571,T-156,40,197,1
Butter,Eggs,0.16339869281045752,0.17647058823529413,0.05228758169934641,0.32,1.8133333333333332,0.02345251826220684,1.2110726643598617,0.5361328124999999,T-156,33,108,1
Juice,Butter,0.1503267973856209,0.16339869281045752,0.05228758169934641,0.3478260869565218,2.128695652173913,0.02772437951215345,1.282788671023965,0.6240384615384615,T-104,42,214,1
Butter,Juice,0.16339869281045752,0.1503267973856209,0.05228758169934641,0.32,2.128695652173913,0.02772437951215345,1.2495194156093812,0.6337890625,T-104,33,108,1
Milk,Butter,0.1568627450980392,0.16339869281045752,0.0457516339869281,0.29166666666666663,1.7849999999999997,0.02012046648724849,1.1810841983852365,0.521594684385382,T-119,14,229,1
Butter,Milk,0.16339869281045752,0.1568627450980392,0.0457516339869281,0.27999999999999997,1.785,0.02012046648724849,1.1710239651416123,0.5256696428571428,T-119,33,108,1
Oranges,Butter,0.1895424836601307,0.16339869281045752,0.0457516339869281,0.24137931034482757,1.4772413793103447,0.01478063992481524,1.102792632204397,0.3986175115207373,T-168,48,246,1
Butter,Oranges,0.16339869281045752,0.1895424836601307,0.0457516339869281,0.27999999999999997,1.4772413793103447,0.01478063992481524,1.1256354393609296,0.3861607142857142,T-168,33,108,1
Butter,Potatoes,0.16339869281045752,0.17647058823529413,0.058823529411764705,0.36,2.0399999999999996,0.02998846597462514,1.2867647058823528,0.6093749999999999,T-78,33,108,1
Potatoes,Butter,0.17647058823529413,0.16339869281045752,0.058823529411764705,0.3333333333333333,2.04,0.02998846597462514,1.2549019607843137,0.619047619047619,T-78,21,262,1
Butter,Tea,0.16339869281045752,0.1503267973856209,0.05228758169934641,0.32,2.128695652173913,0.02772437951215345,1.2495194156093812,0.6337890625,T-109,33,108,1
Tea,Butter,0.1503267973856209,0.16339869281045752,0.05228758169934641,0.3478260869565218,2.128695652173913,0.02772437951215345,1.282788671023965,0.6240384615384615,T-109,25,270,1
Tomatoes,Butter,0.17647058823529413,0.16339869281045752,0.0457516339869281,0.25925925925925924,1.5866666666666664,0.016916570549788536,1.1294117647058826,0.4489795918367346,T-152,26,272,1
Butter,Tomatoes,0.16339869281045752,0.17647058823529413,0.0457516339869281,0.27999999999999997,1.5866666666666664,0.016916570549788536,1.1437908496732025,0.44196428571428553,T-152,33,108,1
Yogurt,Butter,0.16993464052287582,0.16339869281045752,0.032679738562091505,0.19230769230769232,1.176923076923077,0.004912640437438592,1.035792094615624,0.1811023622047244,T-90,28,271,1
Butter,Yogurt,0.16339869281045752,0.16993464052287582,0.032679738562091505,0.2,1.176923076923077,0.004912640437438592,1.037581699346405,0.17968749999999997,T-90,33,108,1
Cheese,Cereal,0.1830065359477124,0.20261437908496732,0.0784313725490196,0.4285714285714286,2.1152073732718897,0.04135161689948311,1.3954248366013073,0.6453333333333334,T-148,10,151,1
Cereal,Cheese,0.20261437908496732,0.1830065359477124,0.0784313725490196,0.3870967741935484,2.1152073732718897,0.04135161689948311,1.3329893360853113,0.6612021857923497,T-148,34,129,1
Cereal,Chicken,0.20261437908496732,0.13071895424836602,0.0457516339869281,0.22580645161290322,1.7274193548387096,0.019266094237259168,1.1228213507625273,0.528103044496487,T-133,34,129,1
Chicken,Cereal,0.13071895424836602,0.20261437908496732,0.0457516339869281,0.35,1.7274193548387096,0.019266094237259168,1.2267471091000504,0.4844253490870031,T-133,13,166,1
Cereal,Coffee,0.20261437908496732,0.21568627450980393,0.05228758169934641,0.25806451612903225,1.1964809384164221,0.008586441112392672,1.0571184995737426,0.2059426229508197,T-187,34,129,1
Coffee,Cereal,0.21568627450980393,0.20261437908496732,0.05228758169934641,0.24242424242424243,1.1964809384164223,0.008586441112392672,1.0525490196078433,0.20937500000000003,T-187,68,186,1
Cereal,Eggs,0.20261437908496732,0.17647058823529413,0.0457516339869281,0.22580645161290322,1.2795698924731183,0.009996155324875043,1.0637254901960784,0.2740046838407493,T-182,34,129,1
Eggs,Cereal,0.17647058823529413,0.20261437908496732,0.0457516339869281,0.25925925925925924,1.2795698924731183,0.009996155324875043,1.0764705882352943,0.2653061224489795,T-182,40,197,1
Cereal,Juice,0.20261437908496732,0.1503267973856209,0.032679738562091505,0.16129032258064516,1.0729312762973353,0.002221367849972237,1.0130718954248366,0.08524590163934441,T-144,34,129,1
Juice,Cereal,0.1503267973856209,0.20261437908496732,0.032679738562091505,0.2173913043478261,1.0729312762973353,0.002221367849972237,1.0188816267247642,0.08000000000000014,T-144,42,214,1
Milk,Cereal,0.1568627450980392,0.20261437908496732,0.032679738562091505,0.20833333333333334,1.028225806451613,0.000897090862488785,1.0072239422084623,0.03255813953488367,T-127,14,229,1
Cereal,Milk,0.20261437908496732,0.1568627450980392,0.032679738562091505,0.16129032258064516,1.028225806451613,0.000897090862488785,1.0052790346907994,0.03442622950819666,T-127,34,129,1
Cereal,Onions,0.20261437908496732,0.1503267973856209,0.06535947712418301,0.3225806451612903,2.1458625525946706,0.034901106412063745,1.2542794895736071,0.6696721311475411,T-117,34,129,1
Onions,Cereal,0.1503267973856209,0.20261437908496732,0.06535947712418301,0.4347826086956522,2.1458625525946706,0.034901106412063745,1.410759175465058,0.6284615384615386,T-117,16,240,1
Cereal,Pasta,0.20261437908496732,0.1503267973856209,0.0392156862745098,0.1935483870967742,1.2875175315568024,0.008757315562390535,1.05359477124183,0.2800546448087432,T-11,34,129,1
Pasta,Cereal,0.1503267973856209,0.20261437908496732,0.0392156862745098,0.2608695652173913,1.2875175315568022,0.008757315562390535,1.0788158400615149,0.2628205128205129,T-11,18,253,1
Cereal,Potatoes,0.20261437908496732,0.17647058823529413,0.0457516339869281,0.22580645161290322,1.2795698924731183,0.009996155324875043,1.0637254901960784,0.2740046838407493,T-86,34,129,1
Potatoes,Cereal,0.17647058823529413,0.20261437908496732,0.0457516339869281,0.25925925925925924,1.2795698924731183,0.009996155324875043,1.0764705882352943,0.2653061224489795,T-86,21,262,1
Cereal,Tea,0.20261437908496732,0.1503267973856209,0.0392156862745098,0.1935483870967742,1.2875175315568024,0.008757315562390535,1.05359477124183,0.2800546448087432,T-48,34,129,1
Tea,Cereal,0.1503267973856209,0.20261437908496732,0.0392156862745098,0.2608695652173913,1.2875175315568022,0.008757315562390535,1.0788158400615149,0.2628205128205129,T-48,25,270,1
Cereal,Tomatoes,0.20261437908496732,0.17647058823529413,0.0457516339869281,0.22580645161290322,1.2795698924731183,0.009996155324875043,1.0637254901960784,0.2740046838407493,T-31,34,129,1
Tomatoes,Cereal,0.17647058823529413,0.20261437908496732,0.0457516339869281,0.25925925925925924,1.2795698924731183,0.009996155324875043,1.0764705882352943,0.2653061224489795,T-31,26,272,1
Cheese,Coffee,0.1830065359477124,0.21568627450980393,0.0457516339869281,0.25,1.159090909090909,0.0062796360374215016,1.0457516339869282,0.16799999999999993,T-189,10,151,1
Coffee,Cheese,0.21568627450980393,0.1830065359477124,0.0457516339869281,0.2121212121212121,1.159090909090909,0.0062796360374215016,1.0369532428355959,0.17499999999999993,T-189,68,186,1
Cheese,Eggs,0.1830065359477124,0.17647058823529413,0.032679738562091505,0.1785714285714286,1.011904761904762,0.0003844675124951985,1.0025575447570332,0.014400000000000163,T-185,10,151,1
Eggs,Cheese,0.17647058823529413,0.1830065359477124,0.032679738562091505,0.18518518518518517,1.0119047619047619,0.0003844675124951985,1.0026737967914436,0.014285714285714448,T-185,40,197,1
Cheese,Juice,0.1830065359477124,0.1503267973856209,0.032679738562091505,0.1785714285714286,1.1878881987577643,0.005168952112435392,1.0343847684001137,0.19360000000000013,T-63,10,151,1
Juice,Cheese,0.1503267973856209,0.1830065359477124,0.032679738562091505,0.2173913043478261,1.187888198757764,0.005168952112435392,1.043936092955701,0.18615384615384628,T-63,42,214,1
Cheese,Milk,0.1830065359477124,0.1568627450980392,0.0392156862745098,0.2142857142857143,1.3660714285714286,0.010508778674868643,1.0730837789661318,0.3280000000000001,T-43,10,151,1
Milk,Cheese,0.1568627450980392,0.1830065359477124,0.0392156862745098,0.25,1.3660714285714286,0.010508778674868643,1.0893246187363834,0.3178294573643412,T-43,14,229,1
Cheese,Onions,0.1830065359477124,0.1503267973856209,0.058823529411764705,0.32142857142857145,2.1381987577639756,0.03131274296210859,1.2521499828001375,0.6515555555555557,T-113,10,151,1
Onions,Cheese,0.1503267973856209,0.1830065359477124,0.058823529411764705,0.391304347826087,2.138198757763975,0.03131274296210859,1.342203548085901,0.6264957264957266,T-113,16,240,1
Cheese,Oranges,0.1830065359477124,0.1895424836601307,0.058823529411764705,0.32142857142857145,1.6958128078817736,0.024136016062198305,1.194358445132439,0.5022222222222223,T-142,10,151,1
Oranges,Cheese,0.1895424836601307,0.1830065359477124,0.058823529411764705,0.3103448275862069,1.6958128078817736,0.024136016062198305,1.1846405228758168,0.5062724014336919,T-142,48,246,1
Cheese,Potatoes,0.1830065359477124,0.17647058823529413,0.032679738562091505,0.1785714285714286,1.011904761904762,0.0003844675124951985,1.0025575447570332,0.014400000000000163,T-154,10,151,1
Potatoes,Cheese,0.17647058823529413,0.1830065359477124,0.032679738562091505,0.18518518518518517,1.0119047619047619,0.0003844675124951985,1.0026737967914436,0.014285714285714448,T-154,21,262,1
Cheese,Sugar,0.1830065359477124,0.16993464052287582,0.0392156862745098,0.2142857142857143,1.260989010989011,0.008116536374898543,1.0564468211527034,0.25333333333333335,T-35,10,151,1
Sugar,Cheese,0.16993464052287582,0.1830065359477124,0.0392156862745098,0.23076923076923075,1.260989010989011,0.008116536374898543,1.0620915032679739,0.24934383202099739,T-35,23,268,1
Cheese,Tea,0.1830065359477124,0.1503267973856209,0.0457516339869281,0.25,1.6630434782608696,0.01824084753727199,1.1328976034858387,0.48800000000000004,T-98,10,151,1
Tea,Cheese,0.1503267973856209,0.1830065359477124,0.0457516339869281,0.30434782608695654,1.6630434782608698,0.01824084753727199,1.1744281045751634,0.4692307692307693,T-98,25,270,1
Cheese,Tomatoes,0.1830065359477124,0.17647058823529413,0.0392156862745098,0.2142857142857143,1.2142857142857142,0.006920415224913497,1.0481283422459893,0.21600000000000008,T-76,10,151,1
Tomatoes,Cheese,0.17647058823529413,0.1830065359477124,0.0392156862745098,0.2222222222222222,1.2142857142857142,0.006920415224913497,1.050420168067227,0.21428571428571436,T-76,26,272,1
Cheese,Yogurt,0.1830065359477124,0.16993464052287582,0.0457516339869281,0.25,1.471153846153846,0.014652484087316842,1.1067538126361656,0.39199999999999996,T-186,10,151,1
Yogurt,Cheese,0.16993464052287582,0.1830065359477124,0.0457516339869281,0.2692307692307692,1.4711538461538463,0.014652484087316842,1.1179910560715514,0.3858267716535433,T-186,28,271,1
Eggs,Chicken,0.17647058823529413,0.13071895424836602,0.026143790849673203,0.14814814814814814,1.1333333333333333,0.00307574009996155,1.020460358056266,0.14285714285714268,T-100,40,197,1
Chicken,Eggs,0.13071895424836602,0.17647058823529413,0.026143790849673203,0.19999999999999998,1.133333333333333,0.00307574009996155,1.0294117647058822,0.13533834586466148,T-100,13,166,1
Juice,Chicken,0.1503267973856209,0.13071895424836602,0.032679738562091505,0.2173913043478261,1.6630434782608696,0.013029176812337138,1.1107480029048657,0.4692307692307693,T-44,42,214,1
Chicken,Juice,0.13071895424836602,0.1503267973856209,0.032679738562091505,0.25,1.6630434782608696,0.013029176812337138,1.1328976034858387,0.4586466165413534,T-44,13,166,1
Onions,Chicken,0.1503267973856209,0.13071895424836602,0.032679738562091505,0.2173913043478261,1.6630434782608696,0.013029176812337138,1.1107480029048657,0.4692307692307693,T-49,16,240,1
Chicken,Onions,0.13071895424836602,0.1503267973856209,0.032679738562091505,0.25,1.6630434782608696,0.013029176812337138,1.1328976034858387,0.4586466165413534,T-49,13,166,1
Oranges,Chicken,0.1895424836601307,0.13071895424836602,0.0392156862745098,0.20689655172413793,1.5827586206896551,0.014438891024819513,1.096050014208582,0.45430107526881713,T-95,48,246,1
Chicken,Oranges,0.13071895424836602,0.1895424836601307,0.0392156862745098,0.3,1.5827586206896551,0.014438891024819513,1.157796451914099,0.42355889724310775,T-95,13,166,1
Pasta,Chicken,0.1503267973856209,0.13071895424836602,0.05228758169934641,0.3478260869565218,2.6608695652173915,0.03263701994959204,1.3328976034858389,0.7346153846153847,T-75,18,253,1
Chicken,Pasta,0.13071895424836602,0.1503267973856209,0.05228758169934641,0.39999999999999997,2.660869565217391,0.03263701994959204,1.4161220043572982,0.7180451127819549,T-75,13,166,1
Chicken,Potatoes,0.13071895424836602,0.17647058823529413,0.05228758169934641,0.39999999999999997,2.266666666666666,0.029219530949634753,1.372549019607843,0.6428571428571427,T-21,13,166,1
Potatoes,Chicken,0.17647058823529413,0.13071895424836602,0.05228758169934641,0.2962962962962963,2.2666666666666666,0.029219530949634753,1.2352941176470589,0.6785714285714285,T-21,21,262,1
Tomatoes,Chicken,0.17647058823529413,0.13071895424836602,0.0457516339869281,0.25925925925925924,1.9833333333333332,0.022683583237216448,1.173529411764706,0.6020408163265305,T-15,26,272,1
Chicken,Tomatoes,0.13071895424836602,0.17647058823529413,0.0457516339869281,0.35,1.9833333333333332,0.022683583237216448,1.2669683257918551,0.5703544575725025,T-15,13,166,1
Eggs,Coffee,0.17647058823529413,0.21568627450980393,0.0392156862745098,0.2222222222222222,1.0303030303030303,0.0011534025374855747,1.0084033613445378,0.035714285714285476,T-36,40,197,1
Coffee,Eggs,0.21568627450980393,0.17647058823529413,0.0392156862745098,0.1818181818181818,1.03030303030303,0.0011534025374855747,1.0065359477124183,0.03749999999999975,T-36,68,186,1
Coffee,Juice,0.21568627450980393,0.1503267973856209,0.058823529411764705,0.2727272727272727,1.8142292490118577,0.026400102524669997,1.168300653594771,0.5722222222222222,T-22,68,186,1
Juice,Coffee,0.1503267973856209,0.21568627450980393,0.058823529411764705,0.391304347826087,1.8142292490118577,0.026400102524669997,1.2885154061624648,0.5282051282051282,T-22,42,214,1
Milk,Coffee,0.1568627450980392,0.21568627450980393,0.0392156862745098,0.25,1.159090909090909,0.005382545174932717,1.0457516339869282,0.16279069767441856,T-153,14,229,1
Coffee,Milk,0.21568627450980393,0.1568627450980392,0.0392156862745098,0.1818181818181818,1.159090909090909,0.005382545174932717,1.0305010893246187,0.17499999999999996,T-153,68,186,1
Coffee,Onions,0.21568627450980393,0.1503267973856209,0.0457516339869281,0.2121212121212121,1.4110671936758892,0.013328207099833393,1.0784313725490196,0.37142857142857133,T-122,68,186,1
Onions,Coffee,0.1503267973856209,0.21568627450980393,0.0457516339869281,0.30434782608695654,1.4110671936758894,0.013328207099833393,1.1274509803921569,0.3428571428571428,T-122,16,240,1
Oranges,Coffee,0.1895424836601307,0.21568627450980393,0.0457516339869281,0.24137931034482757,1.1191222570532915,0.004869921824939123,1.0338680926916222,0.13133640552995385,T-172,48,246,1
Coffee,Oranges,0.21568627450980393,0.1895424836601307,0.0457516339869281,0.2121212121212121,1.1191222570532915,0.004869921824939123,1.0286576168929111,0.13571428571428565,T-172,68,186,1
Pasta,Coffee,0.1503267973856209,0.21568627450980393,0.058823529411764705,0.391304347826087,1.8142292490118577,0.026400102524669997,1.2885154061624648,0.5282051282051282,T-56,18,253,1
Coffee,Pasta,0.21568627450980393,0.1503267973856209,0.058823529411764705,0.2727272727272727,1.8142292490118577,0.026400102524669997,1.168300653594771,0.5722222222222222,T-56,68,186,1
Coffee,Potatoes,0.21568627450980393,0.17647058823529413,0.05228758169934641,0.24242424242424243,1.3737373737373737,0.014225297962322178,1.0870588235294116,0.3468749999999998,T-45,68,186,1
Potatoes,Coffee,0.17647058823529413,0.21568627450980393,0.05228758169934641,0.2962962962962963,1.3737373737373737,0.014225297962322178,1.1145510835913313,0.33035714285714274,T-45,21,262,1
Coffee,Sugar,0.21568627450980393,0.16993464052287582,0.05228758169934641,0.24242424242424243,1.4265734265734265,0.015635012174804563,1.095686274509804,0.38125,T-121,68,186,1
Sugar,Coffee,0.16993464052287582,0.21568627450980393,0.05228758169934641,0.3076923076923077,1.4265734265734267,0.015635012174804563,1.132897603485839,0.36023622047244097,T-121,23,268,1
Coffee,Tea,0.21568627450980393,0.1503267973856209,0.05228758169934641,0.24242424242424243,1.6126482213438735,0.0198641548122517,1.1215686274509804,0.48437499999999994,T-166,68,186,1
Tea,Coffee,0.1503267973856209,0.21568627450980393,0.05228758169934641,0.3478260869565218,1.6126482213438738,0.0198641548122517,1.2026143790849673,0.4471153846153846,T-166,25,270,1
Yogurt,Coffee,0.16993464052287582,0.21568627450980393,0.058823529411764705,0.34615384615384615,1.6048951048951048,0.02217095988722286,1.1995386389850058,0.4540682414698163,T-37,28,271,1
Coffee,Yogurt,0.21568627450980393,0.16993464052287582,0.058823529411764705,0.2727272727272727,1.6048951048951048,0.02217095988722286,1.1413398692810457,0.4805555555555555,T-37,68,186,1
Eggs,Juice,0.17647058823529413,0.1503267973856209,0.0457516339869281,0.25925925925925924,1.7246376811594202,0.019223375624759703,1.147058823529412,0.510204081632653,T-25,40,197,1
Juice,Eggs,0.1503267973856209,0.17647058823529413,0.0457516339869281,0.30434782608695654,1.7246376811594202,0.019223375624759703,1.1838235294117647,0.49450549450549447,T-25,42,214,1
Eggs,Onions,0.17647058823529413,0.1503267973856209,0.032679738562091505,0.18518518518518517,1.2318840579710144,0.006151480199923107,1.0427807486631016,0.2285714285714286,T-77,40,197,1
Onions,Eggs,0.1503267973856209,0.17647058823529413,0.032679738562091505,0.2173913043478261,1.2318840579710146,0.006151480199923107,1.0522875816993464,0.22153846153846152,T-77,16,240,1
Pasta,Eggs,0.1503267973856209,0.17647058823529413,0.0392156862745098,0.2608695652173913,1.4782608695652173,0.012687427912341405,1.1141868512110726,0.3807692307692307,T-50,18,253,1
Eggs,Pasta,0.17647058823529413,0.1503267973856209,0.0392156862745098,0.2222222222222222,1.4782608695652173,0.012687427912341405,1.0924369747899159,0.3928571428571428,T-50,40,197,1
Eggs,Potatoes,0.17647058823529413,0.17647058823529413,0.0457516339869281,0.25925925925925924,1.4691358024691357,0.01460976547481737,1.111764705882353,0.38775510204081615,T-0,40,197,1
Potatoes,Eggs,0.17647058823529413,0.17647058823529413,0.0457516339869281,0.25925925925925924,1.4691358024691357,0.01460976547481737,1.111764705882353,0.38775510204081615,T-0,21,262,1
Eggs,Tomatoes,0.17647058823529413,0.17647058823529413,0.05228758169934641,0.2962962962962963,1.6790123456790123,0.021145713187235675,1.1702786377708978,0.4910714285714285,T-115,40,197,1
Tomatoes,Eggs,0.17647058823529413,0.17647058823529413,0.05228758169934641,0.2962962962962963,1.6790123456790123,0.021145713187235675,1.1702786377708978,0.4910714285714285,T-115,26,272,1
Eggs,Yogurt,0.17647058823529413,0.16993464052287582,0.032679738562091505,0.18518518518518517,1.0897435897435896,0.0026912725874663583,1.0187165775401068,0.09999999999999998,T-32,40,197,1
Yogurt,Eggs,0.16993464052287582,0.17647058823529413,0.032679738562091505,0.19230769230769232,1.0897435897435896,0.0026912725874663583,1.0196078431372548,0.09921259842519682,T-32,28,271,1
Milk,Juice,0.1568627450980392,0.1503267973856209,0.026143790849673203,0.16666666666666669,1.1086956521739133,0.0025631167499679634,1.019607843137255,0.11627906976744196,T-52,14,229,1
Juice,Milk,0.1503267973856209,0.1568627450980392,0.026143790849673203,0.1739130434782609,1.1086956521739133,0.0025631167499679634,1.020639834881321,0.11538461538461549,T-52,42,214,1
Onions,Juice,0.1503267973856209,0.1503267973856209,0.026143790849673203,0.1739130434782609,1.1568998109640833,0.0035456448374556818,1.0285517715858272,0.15961538461538471,T-66,16,240,1
Juice,Onions,0.1503267973856209,0.1503267973856209,0.026143790849673203,0.1739130434782609,1.1568998109640833,0.0035456448374556818,1.0285517715858272,0.15961538461538471,T-66,42,214,1
Pasta,Juice,0.1503267973856209,0.1503267973856209,0.026143790849673203,0.1739130434782609,1.1568998109640833,0.0035456448374556818,1.0285517715858272,0.15961538461538471,T-7,18,253,1
Juice,Pasta,0.1503267973856209,0.1503267973856209,0.026143790849673203,0.1739130434782609,1.1568998109640833,0.0035456448374556818,1.0285517715858272,0.15961538461538471,T-7,42,214,1
Juice,Potatoes,0.1503267973856209,0.17647058823529413,0.05228758169934641,0.3478260869565218,1.9710144927536233,0.02575932333717801,1.2627450980392156,0.5798076923076922,T-137,42,214,1
Potatoes,Juice,0.17647058823529413,0.1503267973856209,0.05228758169934641,0.2962962962962963,1.971014492753623,0.02575932333717801,1.2074303405572755,0.5982142857142857,T-137,21,262,1
Juice,Sugar,0.1503267973856209,0.16993464052287582,0.026143790849673203,0.1739130434782609,1.0234113712374582,0.0005980605749925268,1.0048159614723082,0.026923076923077036,T-178,42,214,1
Sugar,Juice,0.16993464052287582,0.1503267973856209,0.026143790849673203,0.15384615384615385,1.0234113712374584,0.0005980605749925268,1.0041592394533572,0.027559055118110354,T-178,23,268,1
Juice,Tea,0.1503267973856209,0.1503267973856209,0.05228758169934641,0.3478260869565218,2.3137996219281667,0.029689435687128885,1.3028322440087146,0.6682692307692308,T-128,42,214,1
Tea,Juice,0.1503267973856209,0.1503267973856209,0.05228758169934641,0.3478260869565218,2.3137996219281667,0.029689435687128885,1.3028322440087146,0.6682692307692308,T-128,25,270,1
Tomatoes,Juice,0.17647058823529413,0.1503267973856209,0.032679738562091505,0.18518518518518517,1.2318840579710144,0.006151480199923107,1.0427807486631016,0.2285714285714286,T-143,26,272,1
Juice,Tomatoes,0.1503267973856209,0.17647058823529413,0.032679738562091505,0.2173913043478261,1.2318840579710146,0.006151480199923107,1.0522875816993464,0.22153846153846152,T-143,42,214,1
Yogurt,Juice,0.16993464052287582,0.1503267973856209,0.0392156862745098,0.23076923076923075,1.5351170568561872,0.013669955999829127,1.1045751633986927,0.41994750656167984,T-111,28,271,1
Juice,Yogurt,0.1503267973856209,0.16993464052287582,0.0392156862745098,0.2608695652173913,1.5351170568561872,0.013669955999829127,1.1230296039984622,0.4102564102564103,T-111,42,214,1
Milk,Onions,0.1568627450980392,0.1503267973856209,0.0457516339869281,0.29166666666666663,1.9402173913043477,0.02217095988722286,1.1995386389850056,0.5747508305647842,T-92,14,229,1
Onions,Milk,0.1503267973856209,0.1568627450980392,0.0457516339869281,0.30434782608695654,1.940217391304348,0.02217095988722286,1.2120098039215688,0.5703296703296704,T-92,16,240,1
Milk,Oranges,0.1568627450980392,0.1895424836601307,0.0784313725490196,0.5,2.637931034482759,0.04869921824939126,1.6209150326797386,0.7364341085271318,T-165,14,229,1
Oranges,Milk,0.1895424836601307,0.1568627450980392,0.0784313725490196,0.41379310344827586,2.6379310344827585,0.04869921824939126,1.4382929642445212,0.7661290322580644,T-165,48,246,1
Milk,Pasta,0.1568627450980392,0.1503267973856209,0.032679738562091505,0.20833333333333334,1.3858695652173914,0.009099064462386265,1.0732714138286894,0.330232558139535,T-179,14,229,1
Pasta,Milk,0.1503267973856209,0.1568627450980392,0.032679738562091505,0.2173913043478261,1.3858695652173914,0.009099064462386265,1.0773420479302833,0.3276923076923078,T-179,18,253,1
Milk,Potatoes,0.1568627450980392,0.17647058823529413,0.0392156862745098,0.25,1.4166666666666665,0.011534025374855823,1.0980392156862744,0.34883720930232553,T-83,14,229,1
Potatoes,Milk,0.17647058823529413,0.1568627450980392,0.0392156862745098,0.2222222222222222,1.4166666666666665,0.011534025374855823,1.084033613445378,0.35714285714285715,T-83,21,262,1
Milk,Sugar,0.1568627450980392,0.16993464052287582,0.032679738562091505,0.20833333333333334,1.2259615384615385,0.006023324362424708,1.0485036119711042,0.21860465116279068,T-8,14,229,1
Sugar,Milk,0.16993464052287582,0.1568627450980392,0.032679738562091505,0.19230769230769232,1.2259615384615385,0.006023324362424708,1.0438842203548087,0.22204724409448817,T-8,23,268,1
Milk,Tea,0.1568627450980392,0.1503267973856209,0.032679738562091505,0.20833333333333334,1.3858695652173914,0.009099064462386265,1.0732714138286894,0.330232558139535,T-68,14,229,1
Tea,Milk,0.1503267973856209,0.1568627450980392,0.032679738562091505,0.2173913043478261,1.3858695652173914,0.009099064462386265,1.0773420479302833,0.3276923076923078,T-68,25,270,1
Milk,Tomatoes,0.1568627450980392,0.17647058823529413,0.0457516339869281,0.29166666666666663,1.6527777777777775,0.01806997308727412,1.162629757785467,0.46843853820598,T-10,14,229,1
Tomatoes,Milk,0.17647058823529413,0.1568627450980392,0.0457516339869281,0.25925925925925924,1.6527777777777777,0.01806997308727412,1.1382352941176472,0.47959183673469385,T-10,26,272,1
Milk,Yogurt,0.1568627450980392,0.16993464052287582,0.032679738562091505,0.20833333333333334,1.2259615384615385,0.006023324362424708,1.0485036119711042,0.21860465116279068,T-158,14,229,1
Yogurt,Milk,0.16993464052287582,0.1568627450980392,0.032679738562091505,0.19230769230769232,1.2259615384615385,0.006023324362424708,1.0438842203548087,0.22204724409448817,T-158,28,271,1
Pasta,Onions,0.1503267973856209,0.1503267973856209,0.032679738562091505,0.2173913043478261,1.4461247637051042,0.010081592549873983,1.0856935366739289,0.3630769230769232,T-101,18,253,1
Onions,Pasta,0.1503267973856209,0.1503267973856209,0.032679738562091505,0.2173913043478261,1.4461247637051042,0.010081592549873983,1.0856935366739289,0.3630769230769232,T-101,16,240,1
Onions,Potatoes,0.1503267973856209,0.17647058823529413,0.0392156862745098,0.2608695652173913,1.4782608695652173,0.012687427912341405,1.1141868512110726,0.3807692307692307,T-2,16,240,1
Potatoes,Onions,0.17647058823529413,0.1503267973856209,0.0392156862745098,0.2222222222222222,1.4782608695652173,0.012687427912341405,1.0924369747899159,0.3928571428571428,T-2,21,262,1
Onions,Sugar,0.1503267973856209,0.16993464052287582,0.0392156862745098,0.2608695652173913,1.5351170568561872,0.013669955999829127,1.1230296039984622,0.4102564102564103,T-74,16,240,1
Sugar,Onions,0.16993464052287582,0.1503267973856209,0.0392156862745098,0.23076923076923075,1.5351170568561872,0.013669955999829127,1.1045751633986927,0.41994750656167984,T-74,23,268,1
Onions,Tea,0.1503267973856209,0.1503267973856209,0.0392156862745098,0.2608695652173913,1.735349716446125,0.01661754026229228,1.1495578623606306,0.4987179487179487,T-164,16,240,1
Tea,Onions,0.1503267973856209,0.1503267973856209,0.0392156862745098,0.2608695652173913,1.735349716446125,0.01661754026229228,1.1495578623606306,0.4987179487179487,T-164,25,270,1
Tomatoes,Onions,0.17647058823529413,0.1503267973856209,0.032679738562091505,0.18518518518518517,1.2318840579710144,0.006151480199923107,1.0427807486631016,0.2285714285714286,T-34,26,272,1
Onions,Tomatoes,0.1503267973856209,0.17647058823529413,0.032679738562091505,0.2173913043478261,1.2318840579710146,0.006151480199923107,1.0522875816993464,0.22153846153846152,T-34,16,240,1
Oranges,Potatoes,0.1895424836601307,0.17647058823529413,0.06535947712418301,0.3448275862068966,1.9540229885057472,0.031910803537101115,1.256965944272446,0.6024193548387096,T-17,48,246,1
Potatoes,Oranges,0.17647058823529413,0.1895424836601307,0.06535947712418301,0.37037037037037035,1.9540229885057472,0.031910803537101115,1.28719723183391,0.5928571428571429,T-17,21,262,1
Oranges,Tea,0.1895424836601307,0.1503267973856209,0.032679738562091505,0.1724137931034483,1.1469265367316344,0.0041864240249476735,1.0266884531590414,0.15806451612903238,T-93,48,246,1
Tea,Oranges,0.1503267973856209,0.1895424836601307,0.032679738562091505,0.2173913043478261,1.1469265367316344,0.0041864240249476735,1.0355846042120553,0.1507692307692309,T-93,25,270,1
Yogurt,Oranges,0.16993464052287582,0.1895424836601307,0.05228758169934641,0.3076923076923077,1.623342175066313,0.02007774787474903,1.1706608569353667,0.46259842519685046,T-23,28,271,1
Oranges,Yogurt,0.1895424836601307,0.16993464052287582,0.05228758169934641,0.27586206896551724,1.6233421750663128,0.02007774787474903,1.1462807345160286,0.4737903225806452,T-23,48,246,1
Pasta,Potatoes,0.1503267973856209,0.17647058823529413,0.0392156862745098,0.2608695652173913,1.4782608695652173,0.012687427912341405,1.1141868512110726,0.3807692307692307,T-20,18,253,1
Potatoes,Pasta,0.17647058823529413,0.1503267973856209,0.0392156862745098,0.2222222222222222,1.4782608695652173,0.012687427912341405,1.0924369747899159,0.3928571428571428,T-20,21,262,1
Pasta,Sugar,0.1503267973856209,0.16993464052287582,0.0392156862745098,0.2608695652173913,1.5351170568561872,0.013669955999829127,1.1230296039984622,0.4102564102564103,T-53,18,253,1
Sugar,Pasta,0.16993464052287582,0.1503267973856209,0.0392156862745098,0.23076923076923075,1.5351170568561872,0.013669955999829127,1.1045751633986927,0.41994750656167984,T-53,23,268,1
Pasta,Tea,0.1503267973856209,0.1503267973856209,0.0392156862745098,0.2608695652173913,1.735349716446125,0.01661754026229228,1.1495578623606306,0.4987179487179487,T-146,18,253,1
Tea,Pasta,0.1503267973856209,0.1503267973856209,0.0392156862745098,0.2608695652173913,1.735349716446125,0.01661754026229228,1.1495578623606306,0.4987179487179487,T-146,25,270,1
Pasta,Yogurt,0.1503267973856209,0.16993464052287582,0.026143790849673203,0.1739130434782609,1.0234113712374582,0.0005980605749925268,1.0048159614723082,0.026923076923077036,T-14,18,253,1
Yogurt,Pasta,0.16993464052287582,0.1503267973856209,0.026143790849673203,0.15384615384615385,1.0234113712374584,0.0005980605749925268,1.0041592394533572,0.027559055118110354,T-14,28,271,1
Sugar,Potatoes,0.16993464052287582,0.17647058823529413,0.0392156862745098,0.23076923076923075,1.3076923076923075,0.009227220299884657,1.0705882352941176,0.2834645669291338,T-88,23,268,1
Potatoes,Sugar,0.17647058823529413,0.16993464052287582,0.0392156862745098,0.2222222222222222,1.3076923076923075,0.009227220299884657,1.0672268907563025,0.28571428571428564,T-88,21,262,1
Tea,Potatoes,0.1503267973856209,0.17647058823529413,0.0392156862745098,0.2608695652173913,1.4782608695652173,0.012687427912341405,1.1141868512110726,0.3807692307692307,T-138,25,270,1
Potatoes,Tea,0.17647058823529413,0.1503267973856209,0.0392156862745098,0.2222222222222222,1.4782608695652173,0.012687427912341405,1.0924369747899159,0.3928571428571428,T-138,21,262,1
Tomatoes,Potatoes,0.17647058823529413,0.17647058823529413,0.058823529411764705,0.3333333333333333,1.8888888888888886,0.027681660899653973,1.2352941176470587,0.5714285714285713,T-87,26,272,1
Potatoes,Tomatoes,0.17647058823529413,0.17647058823529413,0.058823529411764705,0.3333333333333333,1.8888888888888886,0.027681660899653973,1.2352941176470587,0.5714285714285713,T-87,21,262,1
Yogurt,Potatoes,0.16993464052287582,0.17647058823529413,0.032679738562091505,0.19230769230769232,1.0897435897435896,0.0026912725874663583,1.0196078431372548,0.09921259842519682,T-124,28,271,1
Potatoes,Yogurt,0.17647058823529413,0.16993464052287582,0.032679738562091505,0.18518518518518517,1.0897435897435896,0.0026912725874663583,1.0187165775401068,0.09999999999999998,T-124,21,262,1
Sugar,Tea,0.16993464052287582,0.1503267973856209,0.032679738562091505,0.19230769230769232,1.279264214046823,0.0071340082874108285,1.051976346093993,0.2629921259842521,T-13,23,268,1
Tea,Sugar,0.1503267973856209,0.16993464052287582,0.032679738562091505,0.2173913043478261,1.279264214046823,0.0071340082874108285,1.060639070442992,0.25692307692307703,T-13,25,270,1
Tomatoes,Sugar,0.17647058823529413,0.16993464052287582,0.058823529411764705,0.3333333333333333,1.9615384615384615,0.028835063437139558,1.245098039215686,0.5952380952380951,T-27,26,272,1
Sugar,Tomatoes,0.16993464052287582,0.17647058823529413,0.058823529411764705,0.34615384615384615,1.9615384615384615,0.028835063437139558,1.259515570934256,0.5905511811023622,T-27,23,268,1
Yogurt,Sugar,0.16993464052287582,0.16993464052287582,0.0457516339869281,0.2692307692307692,1.5843195266272188,0.01687385193728907,1.1358789129686961,0.44431946006749146,T-147,28,271,1
Sugar,Yogurt,0.16993464052287582,0.16993464052287582,0.0457516339869281,0.2692307692307692,1.5843195266272188,0.01687385193728907,1.1358789129686961,0.44431946006749146,T-147,23,268,1
Yogurt,Tea,0.16993464052287582,0.1503267973856209,0.0392156862745098,0.23076923076923075,1.5351170568561872,0.013669955999829127,1.1045751633986927,0.41994750656167984,T-131,28,271,1
Tea,Yogurt,0.1503267973856209,0.16993464052287582,0.0392156862745098,0.2608695652173913,1.5351170568561872,0.013669955999829127,1.1230296039984622,0.4102564102564103,T-131,25,270,1
Yogurt,Tomatoes,0.16993464052287582,0.17647058823529413,0.032679738562091505,0.19230769230769232,1.0897435897435896,0.0026912725874663583,1.0196078431372548,0.09921259842519682,T-183,28,271,1
Tomatoes,Yogurt,0.17647058823529413,0.16993464052287582,0.032679738562091505,0.18518518518518517,1.0897435897435896,0.0026912725874663583,1.0187165775401068,0.09999999999999998,T-183,26,272,1
